{"cameraMode":{"drawMode":0,"name":"Shaded","section":"Shading Mode"},"sceneLighting":true,"audioPlay":false,"sceneViewState":{"m_AlwaysRefresh":false,"showFog":true,"showSkybox":true,"showFlares":true,"showImageEffects":true,"showParticleSystems":true,"showVisualEffectGraphs":true,"m_FxEnabled":true},"in2DMode":false,"pivot":{"x":-0.9845771789550781,"y":0.023430347442626954,"z":-0.8620147705078125},"rotation":{"x":0.20081162452697755,"y":0.3413452208042145,"z":-0.07489881664514542,"w":0.9151798486709595},"size":1.4504706859588624,"orthographic":true}