{"cameraMode":{"drawMode":0,"name":"Shaded","section":"Shading Mode"},"sceneLighting":true,"audioPlay":false,"sceneViewState":{"m_AlwaysRefresh":false,"showFog":true,"showSkybox":true,"showFlares":true,"showImageEffects":true,"showParticleSystems":true,"showVisualEffectGraphs":true,"m_FxEnabled":true},"in2DMode":false,"pivot":{"x":-0.13620835542678834,"y":-0.1077386736869812,"z":-0.044081538915634158},"rotation":{"x":-0.3082224130630493,"y":0.1321438103914261,"z":0.043275512754917148,"w":0.9411078691482544},"size":2.285576581954956,"orthographic":true}