{"cameraMode":{"drawMode":0,"name":"Shaded","section":"Shading Mode"},"sceneLighting":true,"audioPlay":false,"sceneViewState":{"m_AlwaysRefresh":false,"showFog":true,"showSkybox":true,"showFlares":true,"showImageEffects":true,"showParticleSystems":true,"showVisualEffectGraphs":true,"m_FxEnabled":true},"in2DMode":false,"pivot":{"x":-0.15899991989135743,"y":-0.8179998397827148,"z":-1.059999704360962},"rotation":{"x":-0.3082224130630493,"y":0.1321438103914261,"z":0.043275512754917148,"w":0.9411078691482544},"size":12.12435531616211,"orthographic":true}